time,fidelity,q_cert,fidelity_derivative
0.000000000000000000e+00,3.898630577786450346e-03,7.236067977499790693e+00,-3.691500132817215896e-05
1.000000000000000056e-01,3.894939077653633130e-03,7.164067898121346367e+00,-1.558949569435696958e-05
2.000000000000000111e-01,3.895512678647578518e-03,7.092784231502791137e+00,2.949601325704861998e-05
3.000000000000000444e-01,3.900838280305043287e-03,7.022209849218059574e+00,8.017267911960418436e-05
4.000000000000000222e-01,3.911547214471499181e-03,6.952337693770109794e+00,1.378667825262247515e-04
5.000000000000000000e-01,3.928411636810288238e-03,6.883160777885169779e+00,2.039698343623552734e-04
6.000000000000000888e-01,3.952341181343970063e-03,6.814672183814007411e+00,2.798344204350232400e-04
7.000000000000000666e-01,3.984378520897293406e-03,6.746865062640138966e+00,3.667573287937965498e-04
8.000000000000000444e-01,4.025692647102729026e-03,6.679732633594938740e+00,4.659520561871542677e-04
9.000000000000000222e-01,4.077568932134724607e-03,6.613268183379562792e+00,5.785133848322729366e-04
1.000000000000000000e+00,4.141395324069183786e-03,6.547465065493597969e+00,7.053769577624081910e-04
1.100000000000000089e+00,4.218644323687206071e-03,6.482316699570422003e+00,8.472766934446568365e-04
1.200000000000000178e+00,4.310850662758115501e-03,6.417816570719153013e+00,1.004702532835428236e-03
1.300000000000000044e+00,4.419584830254291372e-03,6.353958228873152869e+00,1.177860490325276233e-03
1.400000000000000133e+00,4.546422760823171441e-03,6.290735288145022253e+00,1.366636379630397496e-03
1.500000000000000000e+00,4.692912106180369657e-03,6.228141426188004814e+00,1.570564001107044999e-03
1.600000000000000089e+00,4.860535561044581482e-03,6.166170383563740920e+00,1.788798092207395662e-03
1.700000000000000178e+00,5.050671724621849136e-03,6.104815963116324795e+00,2.020092023644264739e-03
1.800000000000000044e+00,5.264553965773433389e-03,6.044072029352585140e+00,2.262780112052324710e-03
1.900000000000000133e+00,5.503227747032314772e-03,5.983932507828522596e+00,2.514764529526931913e-03
2.000000000000000000e+00,5.767506871678818037e-03,5.924391384541872085e+00,2.773507106107069020e-03
2.100000000000000089e+00,6.057929168253729617e-03,5.865442705330684348e+00,3.036026799324898634e-03
2.200000000000000178e+00,6.374712231543798284e-03,5.807080575277914214e+00,3.298904176594431858e-03
2.300000000000000266e+00,6.717710003572617029e-03,5.749299158121921494e+00,3.558294833600865459e-03
2.400000000000000355e+00,7.086371198263972243e-03,5.692092675672840940e+00,3.809954156393957625e-03
2.500000000000000000e+00,7.479700834851408207e-03,5.635455407234753800e+00,4.049276127519062241e-03
2.600000000000000089e+00,7.896226423767782263e-03,5.579381689033618308e+00,4.271348888967178847e-03
2.700000000000000178e+00,8.333970612644845885e-03,5.523865913650886306e+00,4.471029440697667223e-03
2.800000000000000266e+00,8.790432311907316748e-03,5.468902529462755346e+00,4.643039138452001446e-03
2.900000000000000355e+00,9.262578440335246174e-03,5.414486040085004781e+00,4.782080562923014810e-03
3.000000000000000000e+00,9.746848424491919710e-03,5.360611003823351872e+00,4.882974910814200098e-03
3.100000000000000089e+00,1.023917342249808411e-02,5.307272033129270206e+00,4.940817395126494149e-03
3.200000000000000178e+00,1.073501190351721854e-02,5.254463794061241977e+00,4.951146361361506709e-03
3.300000000000000266e+00,1.122940269477038649e-02,5.202181005751357112e+00,4.910120078817269140e-03
3.400000000000000355e+00,1.171703591928067306e-02,5.150418439877211263e+00,4.814693615722870357e-03
3.500000000000000000e+00,1.219234141791496195e-02,5.099170920139082241e+00,4.662787015731313656e-03
3.600000000000000089e+00,1.264959332242693128e-02,5.048433321742289870e+00,4.453435305674421918e-03
3.700000000000000178e+00,1.308302847904984668e-02,4.998200570884714367e+00,4.186910792130113523e-03
3.800000000000000266e+00,1.348697548085295468e-02,4.948467644249409325e+00,3.864808713448186772e-03
3.900000000000000355e+00,1.385599022173948473e-02,4.899229568502263099e+00,3.490088616120726184e-03
4.000000000000000000e+00,1.418499320407710061e-02,4.850481419794673954e+00,3.067065772578661531e-03
4.100000000000000533e+00,1.446940337625521496e-02,4.802218323271146616e+00,2.601349446517700614e-03
4.200000000000000178e+00,1.470526309338064316e-02,4.754435452581807553e+00,2.099727684979540987e-03
4.299999999999999822e+00,1.488934891325112246e-02,4.707128029399767932e+00,1.570001376779275870e-03
4.400000000000000355e+00,1.501926336873649938e-02,4.660291322943289849e+00,1.020773343200498395e-03
4.500000000000000000e+00,1.509350358189122387e-02,4.613920649502693649e+00,4.612009920950815856e-04
4.600000000000000533e+00,1.511150356715551361e-02,4.568011371971996581e+00,-9.927664236600297620e-05
4.700000000000000178e+00,1.507364825341802467e-02,4.522558899385184183e+00,-6.512250147533010791e-04
4.800000000000000711e+00,1.498125856420485374e-02,4.477558686457121517e+00,-1.185500025074601171e-03
4.900000000000000355e+00,1.483654824840310513e-02,4.433006233129016316e+00,-1.693520501688444702e-03
5.000000000000000000e+00,1.464255446386716723e-02,4.388897084118408287e+00,-2.167514743371790065e-03
5.100000000000000533e+00,1.440304529972874503e-02,4.345226828473639280e+00,-2.600730283106436613e-03
5.200000000000000178e+00,1.412240840724588060e-02,4.301991099132750129e+00,-2.987598315861636489e-03
5.300000000000000711e+00,1.380552563655641773e-02,4.259185572486781091e+00,-3.323846981946390611e-03
5.400000000000000355e+00,1.345763901085660075e-02,4.216805967947392375e+00,-3.606560703689393188e-03
5.500000000000000000e+00,1.308421349581854153e-02,4.174848047518814553e+00,-3.834185811246490494e-03
5.600000000000000533e+00,1.269080184860730230e-02,4.133307615374041788e+00,-4.006485546242388729e-03
5.700000000000000178e+00,1.228291638657006378e-02,4.092180517435240361e+00,-4.124450009546185014e-03
5.800000000000000711e+00,1.186591184669806218e-02,4.051462640958344963e+00,-4.190168573629776683e-03
5.900000000000000355e+00,1.144488267184410810e-02,4.011149914121774351e+00,-4.206673614801516303e-03
6.000000000000000000e+00,1.102457712373776204e-02,3.971238305619252618e+00,-4.177765097051852616e-03
6.100000000000000533e+00,1.060932965243373619e-02,3.931723824256668554e+00,-4.107825573556732335e-03
6.200000000000000178e+00,1.020301200902641418e-02,3.892602518552958468e+00,-4.001634629055388082e-03
6.300000000000000711e+00,9.809002726622658569e-03,3.853870476344948504e+00,-3.864190769347360110e-03
6.400000000000000355e+00,9.430173855156941815e-03,3.815523824396144015e+00,-3.700547400715868684e-03
6.500000000000000000e+00,9.068893246479487608e-03,3.777558728009392297e+00,-3.515667970374170004e-03
6.600000000000000533e+00,8.727040261082107467e-03,3.739971390643417326e+00,-3.314303694278888934e-03
6.700000000000000178e+00,8.406032507623709474e-03,3.702758053533160343e+00,-3.100895701736820775e-03
6.800000000000000711e+00,8.106861120734743312e-03,3.665914995313897862e+00,-2.879501975303636052e-03
6.900000000000000355e+00,7.830132112562981569e-03,3.629438531649106903e+00,-2.653748230047957291e-03
7.000000000000000000e+00,7.576111474725154109e-03,3.593325014862024158e+00,-2.426800899827691316e-03
7.100000000000000533e+00,7.344771932597442786e-03,3.557570833570873337e+00,-2.201359693942368800e-03
7.200000000000000178e+00,7.135839535936680175e-03,3.522172412327732260e+00,-1.979666746263167298e-03
7.300000000000000711e+00,6.948838583344810541e-03,3.487126211260977549e+00,-1.763529173921987714e-03
7.400000000000000355e+00,6.783133701152282286e-03,3.452428725721297553e+00,-1.554351855636473823e-03
7.500000000000000000e+00,6.637968212217516296e-03,3.418076485931222486e+00,-1.353177387148268851e-03
7.600000000000000533e+00,6.512498223722629209e-03,3.384066056638146858e+00,-1.160730429260743712e-03
7.700000000000000178e+00,6.405822126365367207e-03,3.350394036770799389e+00,-9.774639925792458217e-04
7.800000000000000711e+00,6.317005425206780912e-03,3.317057059099134619e+00,-8.036055686363174910e-04
7.900000000000000355e+00,6.245101012638103535e-03,3.284051789897602269e+00,-6.392013934952145426e-04
8.000000000000000000e+00,6.189165146507739045e-03,3.251374928611779236e+00,-4.841574985385392604e-04
8.099999999999999645e+00,6.148269512930395683e-03,3.219023207528305619e+00,-3.382765519469865811e-04
8.200000000000001066e+00,6.121509836118341902e-03,3.186993391448112334e+00,-2.012898165191824573e-04
8.300000000000000711e+00,6.108011549626558671e-03,3.155282277362900789e+00,-7.288384172284348428e-05
8.400000000000000355e+00,6.106933067773772858e-03,3.123886694134836439e+00,4.727823099603956081e-05
8.500000000000000000e+00,6.117467195825766757e-03,3.092803502179432673e+00,1.595406409365743294e-04
8.599999999999999645e+00,6.138841195961087550e-03,3.062029593151592177e+00,2.642439522956840925e-04
8.700000000000001066e+00,6.170315986284904443e-03,3.031561889634766249e+00,3.617184977546920865e-04
8.800000000000000711e+00,6.211184895512026315e-03,3.001397344833214298e+00,4.522817177367820241e-04
8.900000000000000355e+00,6.260772329832259980e-03,2.971532942267318678e+00,5.362386947160534267e-04
9.000000000000000000e+00,6.318432634455237173e-03,2.941965695471934872e+00,6.138851210558127214e-04
9.099999999999999645e+00,6.383549354043422698e-03,2.912692647697745052e+00,6.855119142576693303e-04
9.200000000000001066e+00,6.455535017306772427e-03,2.883710871615575932e+00,7.514107044909665301e-04
9.300000000000000711e+00,6.533831494941615831e-03,2.855017469023669818e+00,8.118794637855253349e-04
9.400000000000000355e+00,6.617910910063876974e-03,2.826609570557854667e+00,8.672276208261386898e-04
9.500000000000000000e+00,6.707277019106842181e-03,2.798484335404611389e+00,9.177801050514466930e-04
9.600000000000001421e+00,6.801466931074167353e-03,2.770638951016985985e+00,9.638798827910494138e-04
9.700000000000001066e+00,6.900052995665052410e-03,2.743070632833337186e+00,1.005888679759814330e-03
9.800000000000000711e+00,7.002644667026129352e-03,2.715776623998870321e+00,1.044185721306073455e-03
9.900000000000000355e+00,7.108890139926265540e-03,2.688754195089959165e+00,1.079164457391153242e-03
1.000000000000000000e+01,7.218477558504359133e-03,2.662000643841191838e+00,1.111227366860187415e-03
1.010000000000000142e+01,7.331135613298303544e-03,2.635513294875149626e+00,1.140779049472483153e-03
1.020000000000000107e+01,7.446633368398856805e-03,2.609289499434864545e+00,1.168217909811565536e-03
1.030000000000000071e+01,7.564779195260616478e-03,2.583326635118937009e+00,1.193926811270250299e-03
1.040000000000000036e+01,7.685418730652905650e-03,2.557622105619301589e+00,1.218263128824663422e-03
1.050000000000000000e+01,7.808431821025548121e-03,2.532173340461586708e+00,1.241548655622780328e-03
1.060000000000000142e+01,7.933728461777462757e-03,2.506977794748069144e+00,1.264059821109005111e-03
1.070000000000000107e+01,8.061243785247350704e-03,2.482032948903182490e+00,1.286018659178829460e-03
1.080000000000000071e+01,8.190932193613227608e-03,2.457336308421552484e+00,1.307584926308828777e-03
1.090000000000000036e+01,8.322760770509115072e-03,2.432885403618552544e+00,1.328849715032866252e-03
1.100000000000000000e+01,8.456702136619800511e-03,2.408677789383325774e+00,1.349830841297243456e-03
1.110000000000000142e+01,8.592726938768566539e-03,2.384711044934274771e+00,1.370470209123099414e-03
1.120000000000000107e+01,8.730796178444421435e-03,2.360982773576984162e+00,1.390633276646173477e-03
1.130000000000000071e+01,8.870853594097800193e-03,2.337490602464542988e+00,1.410110667820291264e-03
1.140000000000000036e+01,9.012818312008478647e-03,2.314232182360263401e+00,1.428621897333830215e-03
1.150000000000000000e+01,9.156577973564564848e-03,2.291205187402753030e+00,1.445821105573515120e-03
1.160000000000000142e+01,9.301982533123184793e-03,2.268407314873326808e+00,1.461304638152159663e-03
1.170000000000000107e+01,9.448838901194998169e-03,2.245836284965733842e+00,1.474620252316032054e-03
1.180000000000000071e+01,9.596906583586389816e-03,2.223489840558174002e+00,1.485277691502764896e-03
1.190000000000000036e+01,9.745894439495550801e-03,2.201365746987584693e+00,1.492760339811341486e-03
1.200000000000000000e+01,9.895458651548658113e-03,2.179461791826170725e+00,1.496537649957656313e-03
1.210000000000000142e+01,1.004520196948708449e-02,2.157775784660164842e+00,1.496078030695277561e-03
1.220000000000000107e+01,1.019467425768771397e-02,2.136305556870776723e+00,1.490861881559175928e-03
1.230000000000000071e+01,1.034337434579891968e-02,2.115048961417336226e+00,1.480394472754935353e-03
1.240000000000000036e+01,1.049075315223869931e-02,2.094003872622584694e+00,1.464218384544281604e-03
1.250000000000000000e+01,1.063621802270777426e-02,2.073168185960104104e+00,1.441925242048731903e-03
1.260000000000000142e+01,1.077913820064844812e-02,2.052539817843864967e+00,1.413166506588077465e-03
1.270000000000000107e+01,1.091885132402539184e-02,2.032116705419866776e+00,1.377663112274489510e-03
1.280000000000000071e+01,1.105467082310334498e-02,2.011896806359846135e+00,1.335213765639789441e-03
1.290000000000000036e+01,1.118589407715334799e-02,1.991878098657047680e+00,1.285701755910612087e-03
1.300000000000000000e+01,1.131181117428546601e-02,1.972058580424018492e+00,1.229100153778223126e-03
1.310000000000000142e+01,1.143171410790899331e-02,1.952436269692420012e+00,1.165475306991688165e-03
1.320000000000000107e+01,1.154490623568380642e-02,1.933009204214825916e+00,1.094988571874455641e-03
1.330000000000000071e+01,1.165071182228388444e-02,1.913775441268500188e+00,1.017896251070092573e-03
1.340000000000000036e+01,1.174848548589782493e-02,1.894733057461119419e+00,9.345477396185339347e-04
1.350000000000000000e+01,1.183762137020758984e-02,1.875880148538434655e+00,8.453819139322138465e-04
1.360000000000000142e+01,1.191756186868426874e-02,1.857214829193841732e+00,7.509218313191748373e-04
1.370000000000000107e+01,1.198780573647142619e-02,1.838735232879852299e+00,6.517678411062655108e-04
1.380000000000000071e+01,1.204791543690552150e-02,1.820439511621435136e+00,5.485892416341175970e-04
1.390000000000000036e+01,1.209752358479824867e-02,1.802325835831219525e+00,4.421146496592018305e-04
1.400000000000000000e+01,1.213633836683736082e-02,1.784392394126529169e+00,3.331212790221582676e-04
1.410000000000000142e+01,1.216414784060267963e-02,1.766637393148249746e+00,2.224233526713706444e-04
1.420000000000000107e+01,1.218082303737163564e-02,1.749059057381488591e+00,1.108598950278275042e-04
1.430000000000000071e+01,1.218631981960824513e-02,1.731655628978019168e+00,-7.178309951033634562e-07
1.440000000000000036e+01,1.218067947117261463e-02,1.714425367580499238e+00,-1.114589673719620921e-04
1.450000000000000000e+01,1.216402802613385237e-02,1.697366550148429853e+00,-2.205255067845718342e-04
1.460000000000000142e+01,1.213657436981569956e-02,1.680477470785850747e+00,-3.271042681394151219e-04
1.470000000000000107e+01,1.209860717250597038e-02,1.663756440570754558e+00,-4.304181427499942370e-04
1.480000000000000071e+01,1.205049074126570210e-02,1.647201787386183280e+00,-5.297363741866289999e-04
1.490000000000000036e+01,1.199265989766864528e-02,1.630811855753023121e+00,-6.243836645666786533e-04
1.500000000000000000e+01,1.192561400835236672e-02,1.614585006664452704e+00,-7.137479365626892003e-04
1.510000000000000142e+01,1.184991031035610709e-02,1.598519617422040628e+00,-7.972866222733521191e-04
1.520000000000000107e+01,1.176615668389769526e-02,1.582614081473475487e+00,-8.745313956707093106e-04
1.530000000000000071e+01,1.167500403122196523e-02,1.566866808251906162e+00,-9.450913127453455798e-04
1.540000000000000036e+01,1.157713842134862683e-02,1.551276223016889722e+00,-1.008654370768018171e-03
1.550000000000000000e+01,1.147327315706836263e-02,1.535840766696908721e+00,-1.064987543337801712e-03
1.560000000000000142e+01,1.136414091268106441e-02,1.520558895733469251e+00,-1.113935389295009348e-03
1.570000000000000107e+01,1.125048607920936007e-02,1.505429081926740187e+00,-1.155417369567979247e-03
1.580000000000000071e+01,1.113305743876746856e-02,1.490449812282731434e+00,-1.189424035336457408e-03
1.590000000000000036e+01,1.101260127214206963e-02,1.475619588861997178e+00,-1.216012272632870095e-03
1.600000000000000000e+01,1.088985498424089628e-02,1.460936928629836151e+00,-1.235299802174925909e-03
1.610000000000000142e+01,1.076554131170708375e-02,1.446400363307988934e+00,-1.247459138739338835e-03
1.619999999999999929e+01,1.064036315649302851e-02,1.432008439227811403e+00,-1.252711212049152645e-03
1.630000000000000071e+01,1.051499906929725427e-02,1.417759717184899682e+00,-1.251318841606223475e-03
1.640000000000000213e+01,1.039009938817177930e-02,1.403652772295177487e+00,-1.243580242094664834e-03
1.650000000000000000e+01,1.026628302087832269e-02,1.389686193852399887e+00,-1.229822715073262962e-03
1.660000000000000142e+01,1.014413484515712741e-02,1.375858585187082372e+00,-1.210396657970312650e-03
1.669999999999999929e+01,1.002420368928426050e-02,1.362168563526836795e+00,-1.185669994258745086e-03
1.680000000000000071e+01,9.907000846305379083e-03,1.348614759858087320e+00,-1.156023100493987210e-03
1.690000000000000213e+01,9.792999069185459593e-03,1.335195818789173927e+00,-1.121844277921349442e-03
1.700000000000000000e+01,9.682631990721109888e-03,1.321910398414806176e+00,-1.083525789765088509e-03
1.710000000000000142e+01,9.576293911232443279e-03,1.308757170181875207e+00,-1.041460461087870271e-03
1.719999999999999929e+01,9.474339898503535487e-03,1.295734818756596907e+00,-9.960388170347778125e-04
1.730000000000000071e+01,9.377086147825489451e-03,1.282842041892977347e+00,-9.476467179286712783e-04
1.740000000000000213e+01,9.284810554917798456e-03,1.270077550302585401e+00,-8.966634364114059452e-04
1.750000000000000000e+01,9.197753460543207221e-03,1.257440067525625205e+00,-8.434601127678131860e-04
1.760000000000000142e+01,9.116118532364237206e-03,1.244928329803287603e+00,-7.883985196814810581e-04
1.769999999999999929e+01,9.040073756606911703e-03,1.232541085951374793e+00,-7.318300667205623888e-04
1.780000000000000071e+01,8.969752519020124729e-03,1.220277097235177965e+00,-6.740949774786397786e-04
1.790000000000000213e+01,8.905254761111180625e-03,1.208135137245604840e+00,-6.155215780177178408e-04
1.800000000000000000e+01,8.846648203416582548e-03,1.196113991776539320e+00,-5.564256435099321219e-04
1.810000000000000142e+01,8.793969632409194895e-03,1.184212458703416404e+00,-4.971097601391555321e-04
1.819999999999999929e+01,8.747226251388750401e-03,1.172429347863011673e+00,-4.378626707543450958e-04
1.830000000000000071e+01,8.706397098258326223e-03,1.160763480934419611e+00,-3.789585848242432720e-04
1.840000000000000213e+01,8.671434534423901400e-03,1.149213691321227637e+00,-3.206564453064886244e-04
1.850000000000000000e+01,8.642265809197028498e-03,1.137778824034849423e+00,-2.631991565397798216e-04
1.860000000000000142e+01,8.618794703115946476e-03,1.126457735579026176e+00,-2.068127876850428537e-04
1.869999999999999929e+01,8.600903251660019233e-03,1.115249293835479660e+00,-1.517057751459216508e-04
1.880000000000000071e+01,8.588453548086762840e-03,1.104152377950693653e+00,-9.806815444424882289e-05
1.890000000000000213e+01,8.581289620771169468e-03,1.093165878223832710e+00,-4.607085696672896802e-05
1.900000000000000000e+01,8.579239376693416699e-03,1.082288695995769157e+00,4.134890313887973345e-06
1.910000000000000142e+01,8.582116598833948451e-03,1.071519743539214753e+00,5.241802364881059662e-05
1.920000000000000284e+01,8.589722981423178125e-03,1.060857943949950588e+00,9.866792320688266837e-05
1.930000000000000071e+01,8.601850183475324638e-03,1.050302231039133005e+00,1.427944829402866267e-04
1.940000000000000213e+01,8.618281878011236838e-03,1.039851549226673777e+00,1.847279426949247072e-04
1.950000000000000000e+01,8.638795772014309579e-03,1.029504853435683875e+00,2.244184629652742902e-04
1.960000000000000142e+01,8.663165570604291696e-03,1.019261108987959963e+00,2.618354311949289137e-04
1.970000000000000284e+01,8.691162858253295362e-03,1.009119291500522486e+00,2.969664977911720682e-04
1.980000000000000071e+01,8.722558870162525416e-03,9.990783867831707354e-01,3.298163496297454311e-04
1.990000000000000213e+01,8.757126128179243754e-03,9.891373907370649698e-01,3.604052383395645043e-04
2.000000000000000000e+01,8.794639917830436582e-03,9.792953092543170701e-01,3.887672896625976593e-04
2.010000000000000142e+01,8.834879586111763633e-03,9.695511581185767280e-01,4.149486283000075604e-04
2.020000000000000284e+01,8.877629643490439482e-03,9.599039629066100643e-01,4.390053595483486837e-04
2.030000000000000071e+01,8.922680658021433023e-03,9.503527588908569079e-01,4.610014544279492088e-04
2.040000000000000213e+01,8.969829934376028283e-03,9.408965909429560792e-01,4.810065887116202199e-04
2.050000000000000000e+01,9.018881975763757414e-03,9.315345134382331249e-01,4.990939881517261756e-04
2.060000000000000142e+01,9.069648732006373518e-03,9.222655901611346296e-01,5.153383322363466745e-04
2.070000000000000284e+01,9.121949642211028136e-03,9.130888942116095475e-01,5.298137670172869962e-04
2.080000000000000071e+01,9.175611485409830570e-03,9.040035079124159045e-01,5.425920740507531037e-04
2.090000000000000213e+01,9.230468057021178063e-03,8.950085227173518732e-01,5.537410374565343574e-04
2.100000000000000000e+01,9.286359692901138482e-03,8.861030391204028911e-01,5.633230447570150567e-04
2.110000000000000142e+01,9.343132665972581422e-03,8.772861665657873953e-01,5.713939497814513047e-04
2.120000000000000284e+01,9.400638482857430478e-03,8.685570233589028355e-01,5.780022178124843979e-04
2.130000000000000071e+01,9.458733109535077607e-03,8.599147365781542041e-01,5.831883646281246780e-04
2.140000000000000213e+01,9.517276155783056454e-03,8.513584419876610854e-01,5.869846924733482241e-04
2.150000000000000000e+01,9.576130048029747252e-03,8.428872839508346759e-01,5.894153175802635536e-04
2.160000000000000142e+01,9.635159219299109165e-03,8.345004153448114526e-01,5.904964759344960568e-04
2.170000000000000284e+01,9.694229343216648198e-03,8.261969974757419344e-01,5.902370867973683044e-04
2.180000000000000071e+01,9.753206636658582132e-03,8.179761999949204387e-01,5.886395472489286407e-04
2.190000000000000213e+01,9.811957252666434273e-03,8.098372008157469493e-01,5.857007258739388433e-04
2.200000000000000000e+01,9.870346781833369207e-03,8.017791860315222063e-01,5.814131197776281623e-04
2.210000000000000142e+01,9.928239876621960947e-03,7.938013498340519281e-01,5.757661364516053482e-04
2.220000000000000284e+01,9.985500009123692705e-03,7.859028944330681554e-01,5.687474606173026359e-04
2.230000000000000071e+01,1.004198936874542078e-02,7.780830299764492919e-01,5.603444660199630167e-04
2.240000000000000213e+01,1.009756890232768600e-02,7.703409744712323981e-01,5.505456331498931322e-04
2.250000000000000000e+01,1.015209849537539871e-02,7.626759537054158544e-01,5.393419359179807415e-04
2.260000000000000142e+01,1.020543728951128076e-02,7.550872011705348497e-01,5.267281632689788107e-04
2.270000000000000284e+01,1.025744412802919586e-02,7.475739579850125827e-01,5.127041454171393786e-04
2.280000000000000071e+01,1.030797811859470760e-02,7.401354728182693021e-01,4.972758586650749546e-04
2.290000000000000213e+01,1.035689929976221085e-02,7.327710018155896288e-01,4.804563874404033097e-04
2.300000000000000000e+01,1.040406939608278826e-02,7.254798085237360583e-01,4.622667270810856821e-04
2.310000000000000142e+01,1.044935264517842834e-02,7.182611638173029833e-01,4.427364158556199025e-04
2.320000000000000284e+01,1.049261667925391328e-02,7.111143458258045724e-01,4.219039895640430693e-04
2.330000000000000071e+01,1.053373344309123556e-02,7.040386398614864039e-01,3.998172566977015174e-04
2.340000000000000213e+01,1.057258013059345254e-02,6.970333383478548583e-01,3.765333964234687802e-04
2.350000000000000000e+01,1.060904012237592897e-02,6.900977407489214954e-01,3.521188855117110550e-04
2.360000000000000142e+01,1.064300390769579510e-02,6.832311534991460933e-01,3.266492636777099112e-04
2.370000000000000284e+01,1.067436997511147199e-02,6.764328899340820156e-01,3.002087496059707705e-04
2.380000000000000071e+01,1.070304565761698995e-02,6.697022702217073631e-01,2.728897221551396246e-04
2.390000000000000213e+01,1.072894791954249853e-02,6.630386212944415769e-01,2.447920828914582070e-04
2.400000000000000000e+01,1.075200407419528090e-02,6.564412767818398331e-01,2.160225171878304984e-04
2.410000000000000142e+01,1.077215242298006428e-02,6.499095769439519055e-01,1.866936716829539766e-04
2.420000000000000284e+01,1.078934280853187204e-02,6.434428686053513813e-01,1.569232659641706107e-04
2.430000000000000071e+01,1.080353707617289806e-02,6.370405050898161337e-01,1.268331559714647172e-04
2.440000000000000213e+01,1.081470943972616568e-02,6.307018461556583855e-01,9.654836588064014125e-05
2.450000000000000000e+01,1.082284674934902609e-02,6.244262579317030326e-01,6.619610417522153734e-05
2.460000000000000142e+01,1.082794866056121033e-02,6.182131128538977949e-01,3.590477832588617746e-05
2.470000000000000284e+01,1.083002770501420228e-02,6.120617896025570825e-01,5.803021032139976665e-06
2.480000000000000071e+01,1.082910926476763833e-02,6.059716730402301410e-01,-2.398126059241501018e-05
2.490000000000000213e+01,1.082523145289571859e-02,5.999421541501848143e-01,-5.332180313461637455e-05
2.500000000000000000e+01,1.081844490414071540e-02,5.939726299755083705e-01,-8.209486415436395568e-05
2.510000000000000142e+01,1.080881248006484649e-02,5.880625035588080696e-01,-1.101800520368692582e-04
2.520000000000000284e+01,1.079640889373334120e-02,5.822111838825174690e-01,-1.374611033126832416e-04
2.530000000000000071e+01,1.078132025940230915e-02,5.764180858097928128e-01,-1.638266036724025931e-04
2.540000000000000213e+01,1.076364357299886172e-02,5.706826300259991713e-01,-1.891706500895679044e-04
2.550000000000000000e+01,1.074348612938439557e-02,5.650042429807785593e-01,-2.133934524840633284e-04
2.560000000000000142e+01,1.072096488250204836e-02,5.593823568306941496e-01,-2.364018742011114727e-04
2.570000000000000284e+01,1.069620575454417223e-02,5.538164093824463619e-01,-2.581099112494225634e-04
2.580000000000000071e+01,1.066934290025216454e-02,5.483058440366523900e-01,-2.784391107414074806e-04
2.590000000000000213e+01,1.064051793239589004e-02,5.428501097321849489e-01,-2.973189293238587272e-04
2.600000000000000000e+01,1.060987911438739280e-02,5.374486608910673535e-01,-3.146870325957326631e-04
2.610000000000000142e+01,1.057758052587674281e-02,5.321009573639140511e-01,-3.304895366052079675e-04
2.620000000000000284e+01,1.054378120706635051e-02,5.268064643759164944e-01,-3.446811925239753882e-04
2.630000000000000071e+01,1.050864428737194843e-02,5.215646524733631439e-01,-3.572255155408279870e-04
2.640000000000000213e+01,1.047233610395818630e-02,5.163749974706957069e-01,-3.680948589254162684e-04
2.650000000000000000e+01,1.043502531558686622e-02,5.112369803980895133e-01,-3.772704341125643346e-04
2.660000000000000142e+01,1.039688201713567448e-02,5.061500874495551416e-01,-3.847422775719935850e-04
2.670000000000000284e+01,1.035807686007246715e-02,5.011138099315588512e-01,-3.905091651780143169e-04
2.680000000000000071e+01,1.031878018410007161e-02,4.961276442121521080e-01,-3.945784747973260509e-04
2.690000000000000213e+01,1.027916116511300333e-02,4.911910916706074270e-01,-3.969659978830461511e-04
2.700000000000000000e+01,1.023938698452346238e-02,4.863036586475573131e-01,-3.976957010071308085e-04
2.710000000000000142e+01,1.019962202491157821e-02,4.814648563956264726e-01,-3.967994384867917779e-04
2.720000000000000284e+01,1.016002709682610299e-02,4.766742010305569655e-01,-3.943166175623402658e-04
2.730000000000000071e+01,1.012075870139910946e-02,4.719312134828204663e-01,-3.902938179557793874e-04
2.740000000000000213e+01,1.008196833323494850e-02,4.672354194497094770e-01,-3.847843680764503893e-04
2.750000000000000000e+01,1.004380182778381869e-02,4.625863493479076549e-01,-3.778478806244975341e-04
2.760000000000000142e+01,1.000639875711004968e-02,4.579835382665304322e-01,-3.695497508613906912e-04
2.770000000000000284e+01,9.969891877611538819e-03,4.534265259206342602e-01,-3.599606213520734066e-04
2.780000000000000071e+01,9.934406632839634654e-03,4.489148566051868738e-01,-3.491558175106532214e-04
2.790000000000000213e+01,9.900060714109409216e-03,4.444480791494970218e-01,-3.372147587887772135e-04
2.800000000000000000e+01,9.866963681081879559e-03,4.400257468720966125e-01,-3.242203508065644169e-04
2.810000000000000142e+01,9.835216643948097026e-03,4.356474175360726675e-01,-3.102583641248768398e-04
2.820000000000000284e+01,9.804912008256902803e-03,4.313126533048429745e-01,-2.954168056772538131e-04
2.830000000000000071e+01,9.776133282812645917e-03,4.270210206983724444e-01,-2.797852891053762003e-04
2.840000000000000213e+01,9.748954950435826175e-03,4.227720905498236759e-01,-2.634544103621988542e-04
2.850000000000000000e+01,9.723442400740207187e-03,4.185654379626411736e-01,-2.465151349521840785e-04
2.860000000000000142e+01,9.699651923445389706e-03,4.144006422680605040e-01,-2.290582030661444946e-04
2.870000000000000284e+01,9.677630760126978288e-03,4.102772869830418889e-01,-2.111735586340438009e-04
2.880000000000000071e+01,9.657417211718579905e-03,4.061949597686204116e-01,-1.929498079694114132e-04
2.890000000000000213e+01,9.639040798533097046e-03,4.021532523886725552e-01,-1.744737132154117187e-04
2.900000000000000000e+01,9.622522469075498602e-03,3.981517606690925803e-01,-1.558297252382892517e-04
2.910000000000000142e+01,9.607874853485439195e-03,3.941900844573735796e-01,-1.370995599578941904e-04
2.920000000000000284e+01,9.595102557083920111e-03,3.902678275825930965e-01,-1.183618213747919534e-04
2.930000000000000071e+01,9.584202489210481152e-03,3.863845978157953720e-01,-9.969167376391863122e-05
2.940000000000000213e+01,9.575164222331136732e-03,3.825400068307672763e-01,-8.116056467646209915e-05
2.950000000000000000e+01,9.567970376275188385e-03,3.787336701652067594e-01,-6.283599954279989186e-05
2.960000000000000142e+01,9.562597022422576754e-03,3.749652071822753285e-01,-4.478136782010144756e-05
2.970000000000000284e+01,9.559014102711167055e-03,3.712342410325339959e-01,-2.705581980002452758e-05
2.980000000000000071e+01,9.557185858462571154e-03,3.675403986162589232e-01,-9.714192401602539384e-06
2.990000000000000213e+01,9.557071264230847588e-03,3.638833105461301010e-01,-1.145942317235649003e-06
